ID,Name,Is_Closed,Review_Count,Rating,Price,Address1,City,State,Zip_Code,Latitude,Longitude
Y2vbaQdhP6ALJrhGYpkFQg,Kickstand Bicycles,False,161,5.0,$$,316 E 49th St,New York,NY,10017,40.75372,-73.96815
n4YHCDxWp07DicFxOcLzlw,Bicycles NYC,False,126,4.0,$$$,1400 3rd Ave,New York,NY,10075,40.77482,-73.95731
XnBflxEeUp0C-MefpSSTMg,Liberty Cycles,False,170,4.5,$,846 9th Ave,New York,NY,10019,40.76674,-73.986318
HdEwDk5wyjaLIvuhG9Awrw,New Bo Bo Bicycle,False,116,5.0,$,96 Elizabeth St,New York,NY,10013,40.7185173,-73.9956284
wN6qVSygUdRPWblnyqW3mQ,Master Bike Shop,False,144,4.0,$$,265 W 72nd St,New York,NY,10023,40.7798614501953,-73.9838638305664
gyd5P7rsmQJNVi2iefqxBQ,Bicycle Habitat,False,266,3.5,$$,228 7th Ave,New York,NY,10011,40.74443,-73.99563
fp-zSkRVDQtqQqOjgQrm3Q,Conrad's Bike Shop,False,38,4.5,$$$,25 Tudor City Pl,New York,NY,10017,40.7486419677734,-73.9705123901367
6-8mPcAw_E6nw8iq5rLnCg,Sid's Bikes NYC,False,149,3.5,$$$,151 W 19th St,New York,NY,10011,40.7413394239656,-73.996524810791
Lop47NYZAv6i9ooB8UfkLA,NYC Velo,False,181,4.0,$$,66 2nd Ave,New York,NY,10003,40.7258824,-73.9893093
hiqIh1pCiQFKI4jTPbJ47g,Trek Bicycle Upper East Side,False,16,4.5,NaN,1690 2nd Ave,New York City,NY,10128,40.77865,-73.95085
QrmlBi1daUgPYEzTO7EUZw,Trek Bicycle Hell's Kitchen,False,6,4.5,NaN,653 10th Ave,New York City,NY,10036,40.762442,-73.993829
DpAO4gzlnHI2VR4T4asN3w,City Bicycles,False,48,4.0,$$,307 W 38th St,New York,NY,10018,40.7551382,-73.9923058
-4qS1PjthLyXIM8L3MN-HA,CC Cyclery,False,42,5.0,$$,530 E 13th St,New York,NY,10009,40.7289323,-73.979519
00rrqw4O0Flfatd0VV6QAg,Larry's Freewheeling,False,129,4.5,$$,301 Cathedral Pkwy,New York,NY,10026,40.8011124607323,-73.9590060076868
4LQnOyQDxvcPZqBVx5w2SA,JS Cycle,False,66,4.5,$,1842 Adam Clayton Powell Jr Blvd,New York,NY,10026,40.8005485534668,-73.9549865722656
LznPvq03PyXc1Zzj_RhI8g,Roy's Sheepshead Cycle,False,194,4.5,$$,2679 Coney Island Ave,Brooklyn,NY,11235,40.5912055969238,-73.9602661132813
j0TlhwjiY1xcwGajXR3ApQ,NYC VELO,False,26,4.0,$$$,590 W 45th St,New York,NY,10036,40.7625003,-73.9966601
AA7U-jkHEWH3nvwncDsQxw,Waterfront Bicycle Shop,False,85,4.5,$,391 West St,New York,NY,10014,40.7328461,-74.0101625
u3DShnHnbCCe2LytZj4yWw,Rapha - New York,False,30,4.0,$$$,159 Prince St,New York,NY,10012,40.72613,-74.00113
LCsvHORwlDbJSpwGxTRBkw,Al's Cycle Solutions,False,91,4.0,$$,693 10th Ave,New York,NY,10036,40.763156,-73.993301
DOFebHYJg_UQtM1sBO9x9Q,Gotham Fix,False,12,5.0,NaN,Chambers St,New York,NY,10007,40.71568,-74.009562
bsbOm3HN8Dw2WsBoiW8csA,Strictly Cycling Collective,False,4,5.0,NaN,525 W 30th St,New York,NY,10001,40.752955,-74.00277167
W3aYaHrU03QQ7XW7IcLUcw,Spokesman Cycles East Side,False,32,2.5,$$,313 E 60th St,New York,NY,10022,40.7606110088522,-73.9631153469942
serRgVkaNLDNZ2GNi1HNqQ,Enoch's Bike Shop,False,44,4.0,$,480 10th Ave,New York,NY,10018,40.7563595466749,-73.9977292352264
tBGchHdYeek7EmpG6lr8DA,Toga Bikes Shop,False,182,3.0,$$$,110 W End Ave,New York,NY,10023,40.77481,-73.98786
nKrWiY1r3CvCrXyrHRbBKw,Priority Bicycles,False,12,5.0,$$,174 Hudson St,New York,NY,10013,40.7224007,-74.007782
Dzr4xHHtMixMe3umIjgasA,Champion Bicycles,False,46,4.0,$,896 Amsterdam Ave,New York,NY,10025,40.7990489,-73.9667399
SPmteHwY_fOu619EnzlgWQ,Echelon Cycles,False,88,3.5,$$,51 8th Ave,New York,NY,10014,40.73867999,-74.00401742
um2BpHBOE95F23gLzgXXoQ,Bike New York,False,25,4.5,$,475 Riverside Dr,New York,NY,10115,40.8111312,-73.9638738
E11jtpLW6c4eKkTJWcD1XA,Bfold Folding Bicycles,False,90,5.0,$$$,224 E 13th St,New York,NY,10003,40.73211,-73.98676
JvLN_NaWbJDUu6YsubFdIw,BikefixNYC,False,9,4.0,NaN,150 E 2nd St,New York,NY,10009,40.722987540549,-73.9855193719268
Mh4ZWZMgahAI_1xu-0VXWw,Silk Road Cycles,False,102,5.0,$$,76 Franklin St,Brooklyn,NY,11222,40.72723,-73.95686
6x5bQTCQR8FNv6iPWjtU9A,Central Park Rent Bike,False,88,3.5,NaN,117 W 58th St,New York,NY,10019,40.76536,-73.97731
Vz2cj7e9Xhazb3zERAU9mw,Dah Shop,False,50,4.5,$,134 Division St,New York,NY,10002,40.7144864648581,-73.9917156100273
8s89Dj61Ly-pD3VuXix_gA,Innovations Bike Shop,False,40,4.5,$$,105 W 106th St,New York,NY,10025,40.79955,-73.96318
b0PPbzfNY6dgghfDt7ld2w,Frank's Bike Shop,False,89,4.0,$,553 Grand St,New York,NY,10002,40.71393,-73.98031
AWLXZPJbKnh_2vWuFvMbpA,B's Bikes,False,242,4.5,$$,262 Driggs Ave,Brooklyn,NY,11222,40.72277,-73.94835
euqD9XFALQWallgqBydW2Q,Flo On Wheels,False,84,4.5,$$,1222 Washington St,Hoboken,NJ,07030,40.75209,-74.02666
jtZZP2PXsg-uIbvH-f6xdA,Kween Kargo Bike Shop,False,32,4.5,$,79A West St,Brooklyn,NY,11222,40.729298,-73.959311
9dSmioBfQ_We564SCRzs4Q,Trek Bicycle Chelsea,False,9,3.5,NaN,183 8th Ave,New York City,NY,10011,40.7431513,-74.0002337
jUY98iDWOHr43OrPye_EfQ,Eduardos Bicycle Shop,False,11,4.0,NaN,2131 2nd Ave,New York,NY,10029,40.793256,-73.940846
WM_Yx1Tf-c9g-mQ0BX8rrw,Talent Cycles,False,70,4.0,$$,502 W 139th St,Manhattan,NY,10031,40.821568,-73.9506633
O2l_Ne68cmg03Mp6YM6tdw,The Bike Truck,False,47,5.0,$$,383 Bushwick Ave,Brooklyn,NY,11206,40.7038029,-73.937888
JZnkYuesxHla72hRnrmnsw,Eddie's Bicycles Shop,False,31,3.5,$$,490 Amsterdam Ave,New York,NY,10024,40.78627,-73.97645
xs1FuKHvYl9V1ZKUMDBz5g,Brompton Junction,False,11,5.0,NaN,287 Bleecker St,New York,NY,10014,40.7321117,-74.0032854
8z9lEIKr-_uDASFqPA5Vfg,Off The Bridge,False,69,5.0,$,72 Canal St,New York,NY,10002,40.715106,-73.9929513
r1U_JNxMPTVk77SIpQdBww,GoGo Gone,False,30,4.5,$$,317 Grand St,New York,NY,10002,40.7170670804346,-73.9910517632961
jTKhAiUlEJnCiNKrVl9lYw,Heavy Metal Bike Shop,False,38,4.0,$,2016 3rd Ave,New York,NY,10029,40.79472,-73.94274
2CEJIlumIGEZ_mImDVPPzQ,Jersey Cycles,False,53,4.5,$$,510 Central Ave,Jersey City,NJ,07307,40.751983,-74.044982
sR6xqwCJEwHnPN6pIavysQ,Joulvert ebikes,False,11,3.0,NaN,354 Broome St,New York,NY,10013,40.71988,-73.99497
xbjMJpF62KrTju9Or747pA,Grove Street Bicycles,False,132,3.5,$$,172 Christopher Columbus Dr,Jersey City,NJ,07302,40.720817,-74.046086
u3__2seiOvi7UA2IxhLx0g,Trek Bicycle Upper West Side 72nd St,False,9,4.0,NaN,156 W 72nd St,New York City,NY,10023,40.7780899526534,-73.9808600395918
J2DePkWTS0RT7gAloLuyig,Hilltop Bicycles,False,5,4.0,NaN,128 Clinton St,New York,NY,10022,40.7170386190773,-73.9857530593872
aPZU-FBZTPyh9m41mdcKCQ,M & C E-Bike,False,1,5.0,NaN,68 Forsyth St,New York,NY,10002,40.71697,-73.99342
0XzlfDJB8H4mO3fKlZyGXQ,Bike Rent NYC,False,97,3.0,NaN,203 W 58th St,New York,NY,10019,40.7664193,-73.9797209
MZHAHjKlYgp1dnNAqUZi5g,King Kog,False,73,4.5,$$,705 Grand St,Brooklyn,NY,11211,40.7117,-73.94457
FynVmv0uXctU4hw-vx_PKA,enduranceWERX,False,7,4.5,NaN,1842 Adam Clayton Powell Jr Blvd,New York,NY,10026,40.800548,-73.954986
PCBRBihiuDYFt64cOP9eMQ,The Bike Hub,False,74,5.0,$$,191 Monticello Ave,Jersey City,NJ,07304,40.72128,-74.07044
JI_FNAixoC5MN3XQBAvRQw,Bicycle Repairman Corp,False,97,4.0,$$,40-21A 35th Ave,Astoria,NY,11101,40.754909666955,-73.9213737877671
HdIVfBulzaIedZ6suPKI4w,Busy Bee Bike,False,49,2.5,$$,437 E 6th St,New York,NY,10009,40.725911,-73.98446
ljMNjC_1RJGnWv_HuVP1fg,Redbeard Bikes,False,73,4.5,$$,69 Jay St,Brooklyn,NY,11201,40.7026300489998,-73.9865585803913
QcV0baz6V_d6AJ7mi4WE7w,Rollgood Electric Bikes & Scooters,False,17,3.0,$$,16 W 37th St,New York,NY,10018,40.75059,-73.98435
VV0SxSboEqsmKOt9_0surg,Blazing Saddles Bike Rentals & Tours,False,29,4.5,NaN,93 South St,New York,NY,10038,40.7059288663608,-74.0029513835907
25QAd6kmZvyDZMaS-cNmXQ,Trek Bicycle Stuyvesant Town,False,7,4.5,NaN,288 1st Ave,New York,NY,10009,40.73319,-73.98086
dTzOBUqeytXr0Ny_MU5_bA,Bike Man,False,27,4.0,$$,174 Delancey St,New York,NY,10002,40.717949,-73.985023
PjiPxVU3u7DwE6smupHG_w,Haven Cycles,False,54,5.0,$,1546 DeKalb Ave,Brooklyn,NY,11237,40.7027578283311,-73.9205297846557
uOPZjUIzYlaVNmDW6TmfQw,718 Cyclery,False,137,5.0,$$,427 7th Ave,Brooklyn,NY,11215,40.66359,-73.98414
CVLRrxr1ZpHbr_Au3pKoCw,Atlantic Bicycles,False,26,3.5,$$,278 Atlantic Ave,Brooklyn,NY,11201,40.688618,-73.989883
2bK_FxSR9GU_eeHfRC4aPA,Dixon's Bicycle Shop,False,120,4.0,$$,792 Union St,Brooklyn,NY,11215,40.674583,-73.976425
CRGUiRELrqw2B4X2lW8SLw,Ride Brooklyn,False,229,4.5,$$,468 Bergen St,Brooklyn,NY,11217,40.680846,-73.975861
fj3HZYiEQWy5yDUwT_q-mQ,Tony's Bicycles,False,111,4.0,$$,35-01 23rd Ave,Astoria,NY,11105,40.7730313548364,-73.9109058580809
zg7L2igDGY28nkdR_3yxQA,Grand Bicycle Center,False,55,4.5,$$,70-13 Grand Ave,Maspeth,NY,11378,40.72782,-73.89272
bk3fR7dyESDZ4DOaQbF-Ww,Roula Cycling,False,4,5.0,NaN,408 12th Ave,New York,NY,10018,40.7579217325732,-74.0047997608781
BEcI8tpAgTHaEbcrgiVCpg,SoulCycle Financial District,False,42,4.5,NaN,101 Maiden Lane,New York,NY,10038,40.706932,-74.006773
Dxvbde8UvyZ_CjnVd1cAEQ,Fulton Bikes,False,66,4.0,$$,997 Fulton St,Brooklyn,NY,11238,40.68284,-73.9629999
IzowpGDtbgW8fAT0bLuArw,James Vincent Bicycles,False,36,4.0,$$,8505 Bergenline Ave,North Bergen,NJ,07047,40.805549,-74.004258
WqoVyLqru7QlvSVusb1T8Q,Bike Stop,False,86,3.5,$$,37-19 28th Ave,Astoria,NY,11103,40.766088,-73.91448
Frb0cbeDRUWP98CctvQJww,Trek Bicycle Bowery,False,4,5.0,NaN,303 Bowery,New York,NY,10003,40.7245622200148,-73.9922058411045
P6h073pxbC8wW1FxtRonFQ,Twin Bicycle & Sporting Goods,False,40,5.0,$$,7520 Metropolitan Ave,Flushing,NY,11379,40.71272,-73.87689
zllMm7azovUjN-zvnHlF3w,Bicycle Habitat,False,147,4.0,$$,476 5th Ave,Brooklyn,NY,11215,40.668267,-73.987433
r3dTFTCIk1H5sRVky4xIgA,Trek Bicycle Upper West Side 96th,False,14,3.5,NaN,231 W 96th St,New York City,NY,10025,40.794645,-73.971294
1LcP96x0eUrZV-NQrHZNPA,Manhattan and Beyond Tours llc,False,7,5.0,NaN,98 Riveride Dr,New York,NY,10024,40.78654,-73.98088
T7cW3jzsHIc_e2fkGqIcdg,Bicycle Habitat,False,45,3.5,$$$,560 Vanderbilt Ave,Brooklyn,NY,11238,40.6799125671387,-73.9683990478516
2mXLfOxjTwUwOXY-63kvFA,Tread Bike Shop,False,107,4.0,$$,250 Dyckman St,New York,NY,10034,40.86636,-73.92854
NCS1NFpd_GF74bRlQV51pA,Fancy Apple Bike & Scooter Rentals,False,30,4.0,NaN,870 7th Ave,New York,NY,10019,40.76472,-73.98119
B194ikbwpoOuyL3sqKeUrw,SoulCycle Bryant Park,False,47,4.0,NaN,110 W 41st street,New York,NY,10018,40.754389,-73.985273
7WpiFQpKwFR2oTYg0oBM1A,Bicycle Roots,False,106,4.0,$$,663 Franklin Ave,Brooklyn,NY,11238,40.675766,-73.9559866
ha11s3mfi_lvV16gFyl3jQ,Governors Island Bike Rental,False,24,3.5,NaN,Governors Island,New York,NY,11231,40.6912874,-74.0175545
E3JCh_E2j8hzC2-Y7Hvqyw,Castle Hill Bicycle Center,False,15,5.0,$$,3467 E Tremont Ave,Bronx,NY,10465,40.8319187,-73.8270231
jO1wMlhXO_dJ6_BKRr87NQ,SUN AND AIR,False,39,4.5,$$,788 Driggs Ave,Brooklyn,NY,11211,40.71149,-73.96147
teu31O88TtokjFdzs_Y5PA,Graham Bicycle Discount Center,False,20,4.0,$,178 Graham Ave,Brooklyn,NY,11206,40.70783,-73.9431199
19o2Oy83HtFt0kOmsSzTpg,Bicycle Station,False,161,4.5,$,171 Park Ave,Brooklyn,NY,11205,40.696367,-73.972663
T1jpiPLMeBlsL1Jm1gIfAA,Bellitte Bicycles,False,82,4.5,$$,169-20 Jamaica Ave,Jamaica,NY,11432,40.70681,-73.78997
U2hXg0usTIpgvO0Y8xubsA,Bolt Bike Shop,False,3,4.5,NaN,2478 Frederick Douglass Blvd,New York,NY,10027,40.8149,-73.9475
b_w1c664fg2TZV2h7pZY6g,Junior Bicycle Shop,False,21,4.0,$,1820 Amsterdam Ave,New York,NY,10031,40.82884,-73.94537
YADo9hRxXs-gyVyDIQ8Tww,Bushwick Bicycles,False,38,4.5,$$,308 Irving Ave,Brooklyn,NY,11237,40.69882,-73.91425
2cx89vC2poCJvQme8DcOkQ,Union Cycle Center,False,12,4.0,$$,4531 Bergenline Ave,Union City,NJ,07087,40.7800878,-74.0232444
yWIJxZ-na3fDfMatpShdaA,Spokesman Cycles,False,53,2.5,$$$,49-04 Vernon Blvd,Long Island City,NY,11101,40.74328,-73.95421
5PYiQIn1189UIZ2WHMVG0A,Harvest Cyclery- Vintage & Used Bicycle Shop,False,55,4.5,$,1158 Myrtle Ave,Brooklyn,NY,11221,40.6969757080078,-73.933708190918
nVeWiaVxFLXIk5T9sJHgwA,Spin City Cycle,False,91,4.0,$$,98-73 Queens Blvd,Rego Park,NY,11374,40.7278943427329,-73.8554967939178
0syFX6VYy8fqFdhJr2S5MA,Filipacchi,False,25,4.5,$$$,23 Prince St,New York,NY,10012,40.723,-73.9944
bU3WKckYWhNyPutL-uQbSQ,Flywheel Sports - Midtown East,False,53,4.5,NaN,203 E 60th St,New York,NY,10022,40.7621862,-73.9658469
RNpFQSd6DZaXPnrVB6vY0A,El Frondoso Bicycle Workshop,False,6,4.5,NaN,6009 Park Ave,West New York,NJ,07093,40.7859026,-74.0091225
qNKBHoUUEJtRLTzgb7z_fw,Different Spokes,False,21,4.0,$$,252 S 4th St,Brooklyn,NY,11211,40.709868,-73.958058
Okb0vL3kcPQnADkdqec9FQ,Peloton,False,356,4.0,$$$,140 W 23rd St,New York,NY,10011,40.743259,-73.994377
WMdW6IEySXvsDT5_yCDWtA,L&L Cycles,False,11,5.0,NaN,58 New York Ave,Brooklyn,NY,11216,40.6780089434568,-73.9470906928182
gtftVWdYwAogNQcQH6NmFA,Fulton Bikes,False,63,4.0,$$,1580 Fulton St,Brooklyn,NY,11213,40.6795748,-73.93756762884517
KQv9grQBLlGQJi35kbs-Qw,Joyride Bikes,False,12,4.5,$,70-8 60th St,Queens,NY,11385,40.69595,-73.8961999
vjtgcI-tvjcd13HKztRd7Q,SoulCycle Tribeca,False,83,4.0,NaN,103 Warren St.,New York,NY,10007,40.71605,-74.012558
Bh-t1DYazOt_FWTrG1j8ww,Bike Works,False,34,4.0,NaN,35 Broadway,Brooklyn,NY,11249,40.71084,-73.96735
CMFjKbV6Vpb3LCCrckTIyA,Cloud of Goods,False,8,4.5,NaN,447 W 36th St,New York,NY,10018,40.7557763,-73.9974421
KH25ytbsRL_b80I1nhkYvQ,Strictly Bicycles,False,89,4.0,$$$,2347 Hudson Ter,Fort Lee,NJ,07024,40.86133,-73.95945
BqUUtLJiFLPuqU5MlN4gOA,The Jersey City Bicycle Co,False,13,4.0,NaN,687 Montgomery St,Jersey City,NJ,07306,40.72444,-74.0665073
GHLaOIWPwQVchyKUPWw1Pw,Peloton,False,15,3.5,NaN,1156 Madison Ave,New York,NY,10028,40.7804156039475,-73.9591997628225
1UWas5yBjj8IPJVAGGk2Tg,Unlimited Biking,False,6,3.0,NaN,346 W 57th St,New York,NY,10019,40.7672426629911,-73.9842149550825
SKHVG68pfnr9T4jVFpID_Q,Frank's Bicycle Repair Shop & Sales,False,3,5.0,NaN,80 Delavan St,Brooklyn,NY,11231,40.6802362,-74.0085152
NxyZg430wvrq5cCikkqPLA,Swerve Fitness,False,52,4.5,NaN,21 W 46th St,New York,NY,10036,40.75661,-73.98008
dXWhwavPt5GEg6bTytqfqA,County Cycle Center,False,23,4.5,$$,970 McLean Ave,Yonkers,NY,10704,40.90331,-73.86563
AqwFC50zeOz2ckYxszC5dg,Sixth Street Specials,False,11,4.5,NaN,703 E 6th St,New York,NY,10009,40.723496,-73.978733
2s0BVl5bWTV-_HQta5PsSw,Roberts Bicycles,False,64,3.0,$$,3313 Francis Lewis Blvd,Flushing,NY,11358,40.767108,-73.789848
RCKVKfF-9F1br_XH_xBYKw,Urban Cycles,False,4,5.0,NaN,478 Myrtle Ave,Brooklyn,NY,11205,40.69323200609404,-73.966174
cxi4g2h4vKvILpFor-fiCQ,Cosmic Wheel,False,60,4.5,$$,184 Main St,Ridgefield Park,NJ,07660,40.8560299,-74.02555
EBhzcgZswkGi4cj0Hb2HYQ,Verrazano Bicycle Shop,False,66,3.0,$$,7308 5th Ave,Brooklyn,NY,11209,40.630894,-74.022396
9b47184jhyonQUkFrgR0mw,Trek Bicycle Edgewater,False,7,5.0,NaN,14 Edgewater Towne Center,Edgewater,NJ,07020,40.825224,-73.973409
hLn_r4-WoDuFoSyVTexrZA,Thunder E-Bike,False,1,1.0,NaN,4117 31AVE,Queens,NY,11103,40.762149810791,-73.9142227172852
BAQ4xFdC-16_D9HCGyIqhA,VanMoof Brooklyn,False,12,3.5,$$$,326 Wythe Ave,Brooklyn,NY,11249,40.7150949,-73.9648114
x3HL7_F8Z_9_l0koJY2bsg,Behind Bars in Brooklyn,False,70,4.5,$$,80 58th St,Brooklyn,NY,11220,40.64599122829777,-74.0242396
AUYEy41RAcQvgoQLLUaxNg,Shinola,False,40,4.0,$$$,177 Franklin St,New York,NY,10013,40.7193309,-74.0095025
1Gx8QyP4JXx4b7QQ2mjEsg,ADT Bike & Skate Shop,False,35,5.0,$$,114-01 Jamaica Ave,Richmond Hill,NY,11418,40.698422,-73.834751
1T3MTw3yNQhMEx9BA0KfCg,North Brooklyn Cycles,False,53,3.0,$,121 Knickerbocker Ave,Brooklyn,NY,11237,40.7050577,-73.9290583
9UOojE04Xpn0GgABQ6pPkw,Maglia Rosa NYC - Union Street,False,25,4.5,$$,103 Union St,brooklyn,NY,11231,40.684833,-74.003686
qfr5sUE0_tfoLwfVG-EUyQ,Propel,False,15,4.0,$$$,134 Flushing Ave,Brooklyn,NY,11205,40.6977406017736,-73.9711826294661
G2-6tRQ1DS7M80I6afarOA,Bike Rental Central Park,False,12,3.5,NaN,1391 6th Ave,New York,NY,10019,40.76421,-73.9775
no6rfkFEtxF0JrDTFb4BQA,Hao Jian Tou Bicycle,False,2,3.0,NaN,46 Eldridge St,New York,NY,10002,40.71591,-73.99301
ukuCiNAEgg1pl0sFiSat7g,Bill's Cyclery,False,49,4.0,$$,63-24 Roosevelt Ave,Woodside,NY,11377,40.7457223,-73.9007359
YolEJVIAXUhYo1-6pZehkg,Chelsea Bicycles,False,5,3.0,$$,727 32nd St,Union City,NJ,07087,40.77407,-74.03116
He6VnGYFjwn90p9gKETqrg,Bay Ridge Bicycles,False,1,5.0,NaN,9124 4th Ave,Brooklyn,NY,11209,40.618688,-74.030237
GVax4ID8-zAp9sbV0AR1Zw,Hospital de Bicicletas Mexico,False,11,4.5,NaN,37-64 93rd St,Corona,NY,11368,40.748834855132,-73.873706364418
jPbaEjWifuJ7cv5G2gy07A,Time's Up,False,4,4.0,NaN,49 E Houston St,New York,NY,10012,40.72454,-73.99471
YYTXPOKnAC0nZgmWkloOyA,BMW - Manhattan,False,36,3.0,$$$$,555 W 57th St,New York,NY,10019,40.7704,-73.99047
AhzbsRvrMG7bQ6CRbRK1bw,Central Park Tours,False,14,4.0,NaN,870 7th Ave,New York,NY,10019,40.76468380000001,-73.9812123
TfUUlVJ8G_kfGDiT_06-pA,Bike and Roll,False,3,5.0,NaN,,New York,NY,10023,40.7761116027832,-73.981575012207
-P8hQxWzqAHzFuuBBuwhBQ,Inspire Cycle Bike Shop,False,3,5.0,NaN,160 Mallory Ave,Jersey City,NJ,07304,40.71962,-74.08774
P-agX6hDxHN83f_PP7seEg,Neighborhood Cycle,False,8,4.0,$$,571 Courtlandt Ave,Bronx,NY,10451,40.8171082,-73.9194641
JaMR4QVCeEouA6TyPyL1NQ,Acme Bicycle Co.,False,21,5.0,$$$$,597 Degraw St,Brooklyn,NY,11217,40.679467,-73.983612
AF_pgV8OYNH_alc-fbuJ8Q,Five Stride Skate Shop,False,19,4.5,$$,178 Bushwick Ave,Williamsburg,NY,11206,40.7095,-73.94032
oJt3QQCx2APgsjw9zuZDNg,JC Bicycles,False,15,4.5,NaN,3 Buffalo Ave,Brooklyn,NY,11233,40.6787127542301,-73.9244608953595
ZdZRc5zxiXRFfIA70nLb9A,I Bike Harlem,False,5,3.5,NaN,242 Lenox Ave,New York,NY,10027,40.8059212,-73.9467335
YUiHRGoywWT2lD7tXRpTpQ,Bike Rent NYC,False,47,2.0,NaN,40 W 55th St,New York,NY,10019,40.7623,-73.97667
acQnT_plRFD1apQLZHa5_g,Bravo's Bike Repair,False,30,4.0,$,187 Wilson Ave,Brooklyn,NY,11237,40.69949,-73.92333
1V2SUs9Y8vBB2YaQ81_A-w,City Bike Coach,False,1,5.0,$$$,,New York,NY,10025,40.79757,-73.96776
sNwMI_zPdfCrrtZzIgZcAg,Westchester Bicycle Pro Shop,False,40,3.0,$$$,2611 Westchester Ave,Bronx,NY,10461,40.841415,-73.840965
4lvNvGlAQNC_F9rRI3fhgQ,RYDE,False,170,3.5,NaN,52 E 13th St,New York,NY,10003,40.734053,-73.991652
YLyPSmkM54K6JV_G9Mhocw,SquareBuilt,False,2,5.0,NaN,868 Myrtle Ave,Brooklyn,NY,11206,40.69545,-73.94751
w_1a-NxtR3B40HQ4PjKQEw,AIMS 99 Percent Store,False,4,4.0,NaN,242 Lenox Ave,New York,NY,10027,40.80589,-73.94653
sh6Ji2TGH-br4qxkHkvDyw,NYC Adventure eBike Tours and Rentals,False,7,5.0,NaN,564 Amsterdam Ave,New York,NY,10024,40.7886956,-73.9746695
7m80ePRicrg2RbyrLICJxw,Eddie C's Bike Institute,False,6,4.5,NaN,Union St & Prospect Park W,Brooklyn,NY,11215,40.6727407157259,-73.9710158689422
pD9piFqDaqSBhYRod3WJ6w,Brooklyn Bike Peddler,False,49,3.5,$$,636 Lorimer St,Brooklyn,NY,11211,40.7159518,-73.9494802
B3UNi36pdwjuWlkjBemshg,Fit Werx,False,9,5.0,$$,424 Teaneck Rd,Ridgefield Park,NJ,07660,40.8585777,-74.017807
u3mp7LeliQUodoNC08M90g,Rajel's Electric Bike & Bicycle Repair,False,13,3.5,$$,122 Central Ave,Bushwick,NY,11221,40.699826,-73.928725
3ulKuV3srv0ef6ZUZi0S2A,Flywheel Sports - Flatiron,False,193,4.0,NaN,39 W 21st St,New York,NY,10010,40.7411886575008,-73.9924614448609
gv0GC9XvQ3EtJIKgtBAgkg,Gray's Bicycles & Accessories,False,41,4.5,NaN,8234 Lefferts Blvd,Kew Gardens,NY,11415,40.7068,-73.83208
Ta6Ojgs2xYzY-3EVX4IVCw,Coast Cycles,False,1,5.0,NaN,50 Troutman St,New York,NY,11206,40.698162,-73.931896
2AM5rVjQ8jibePd7aVtEhA,Brooklyn Bicycle Center,False,161,4.0,$$,673 Coney Island Ave,Brooklyn,NY,11218,40.641042,-73.968956
_Gj1fZHFM2Vev3hzs3eVyA,Bike Rental NYC,False,7,2.5,NaN,117 W 58th St,Manhattan,NY,10019,40.76546,-73.97724
igzNsSQlWbwmZFkTWpzWGw,The Bike Shop,False,37,4.0,$,514 Court St,Brooklyn,NY,11231,40.67629,-73.99899
mskuFtdiZbwosOjCiqfK6A,No Name Bike Sales,False,5,4.0,$,510 Evergreen,Brooklyn,NY,11221,40.691577911377,-73.9186248779297
ukPP3m3yqEuSBQiCK01cXQ,R&A Cycles,False,228,2.5,$$$$,105 5th Ave,Brooklyn,NY,11217,40.6794,-73.97828
GOQp_cTyffdrSyoBjtUEEA,Bike Rental Central Park,False,9,3.0,NaN,9 W 60th St,New York,NY,10023,40.7692323,-73.9825508
frFK-3NH2jQO6CgkGh4WVQ,RG's Bicycle Shop,False,6,4.0,$$,890 Broadway,Bayonne,NJ,07002,40.67768,-74.10623
PNwtsu9GMoHAqoYEvjQ8fA,Bennett's Bicycles,False,36,4.0,NaN,517 Jewett Ave,Staten Island,NY,10302,40.624219,-74.131753
y7r5sS5wAfgVNXOXJGN0cg,Cubito Bike Shop,False,4,5.0,NaN,893 Broadway,Brooklyn,NY,11206,40.6979810313912,-73.9371920386082
0wxhfrA8C2JFeq-VszOjNQ,Central Park Pedicab Tours,False,14,4.0,NaN,8 West 58th St,Central Park,NY,10019,40.7639184,-73.9744408
3LHV1JOn4XNtwdDDhT5z0Q,Flywheel Sports Upper West Side,False,69,4.5,NaN,2130 Broadway Ave,New York,NY,10023,40.7806869,-73.9810357
sZPlFMtG5PUnrTHDkMuPXg,Cyc Fitness - Hell's Kitchen,False,66,4.0,NaN,700 8th Ave,New York,NY,10036,40.7587089538574,-73.9883041381836
bHVJa5LeSp2F8AwpBCFSbg,A J Bikes,False,10,4.5,NaN,302 Marcu Garvey Blvd,Brooklyn,NY,11221,40.68704,-73.93901
rrsE7xno95Lpjg4-noxIrQ,SoulCycle Hudson Yards,False,5,5.0,NaN,556 W 33rd St,New York,NY,10001,40.754797,-74.0019191
9H8_eK8ZOmSRJu-T5Od2WQ,Brookdale Cycle,False,40,4.0,$$,1292 Broad St,Bloomfield,NJ,07003,40.83432,-74.1812999
crxfUax81RZzqHyL_TGT6A,Nacho's Bike Shop,False,1,5.0,NaN,528 4th Ave,Brooklyn,NY,11215,40.667540104959684,-73.99137999999999
Y5FKIZqg0PVa96N3JcYtXw,NYC Racquet Sports,False,58,5.0,$$,157A W 35th St,New York,NY,10001,40.7514505,-73.9893895
kEuaAiXG9PmnygFMxqpYiw,NYC Century Bike Tour,False,6,3.5,NaN,,New York,NY,10001,40.7536854,-73.9991637
1kdFESaoA3NW28bN8kUXZQ,Gym Source,False,11,3.0,NaN,40 E 52nd St,New York,NY,10022,40.7586714752464,-73.9741977840614
IpNnWZXxKAr_6kUwtHx0-g,Original Bike Shop,False,13,4.5,$$,108 US Highway 46,Saddle Brook,NJ,07663,40.8906117081642,-74.0996959805489
LwZpmufObFMm7anNCP1gKA,Bike Ahead,False,15,2.5,$$$$,386 Broadway,Brooklyn,NY,11211,40.707188,-73.9547409
LnQSpda6OOW5UW9uXvWrqA,I & M Bicycle Shop,False,20,4.5,$,274 50th St,Brooklyn,NY,11220,40.6479662329882,-74.0154467895627
FJhXTPXLypSctywYmeeGAA,Bike Shop  ATLIXCO,False,10,3.5,NaN,7124 Roosevelt Ave,Jackson Heights,NY,11372,40.7466385239166,-73.8940232194183
sKqrTemWlxZemISuTdQjwg,Panda Sport,False,123,4.5,$$,9213 5th Ave,Brooklyn,NY,11209,40.6174959,-74.0293231
oJ7m7AqvNI0uV6rk1gukHg,BikeLane Bicycle store,False,26,4.5,$$,84-04 Jamaica Ave.,New York,NY,11421,40.6922257,-73.860473
2PNGsE-io8RQuBxQLJ8PdA,Virtuous Bicycle,False,1,5.0,NaN,,New York,NY,10028,40.77617,-73.95201
-9LsKiKyMasxTlhZU6tx0A,Nomad Cycle,False,15,5.0,NaN,56-16 Woodside Ave,Woodside,NY,11377,40.74585,-73.907623
pxTks8vqoqEPQIwC3O53ww,Victors Bike Repair,False,43,4.5,NaN,4125 Broadway,New York,NY,10033,40.8460531879116,-73.9385387916243
GCbN2gS9Euj44jZfZiuvnQ,Bed-Stuy Bike Shop,False,12,4.5,NaN,1360 Fulton St,Brooklyn,NY,11216,40.6798142755104,-73.945981
obaQsjepLapC112PG0lC4w,Eco Central Park Tours,False,10,4.5,NaN,888 7th Ave,New York,NY,10019,40.765362,-73.980881
Bx8ehoADpRaytuHBp34ZgQ,Flat fix,False,30,4.5,NaN,103 Allen St,New York,NY,10002,40.7189808246739,-73.9907640963793
QRaLWGGHI4m9RXDNGvdUmw,SWERVE Fitness,False,165,4.5,NaN,30 West 18th St,New York,NY,10011,40.7390213,-73.9935837
jaZR6hEcPImoRMntM5piRA,Spokesman Cycles,False,44,3.5,$$$,83-03 Myrtle Ave,Queens,NY,11385,40.7034,-73.86546
-BULNEzN-Q9AifnATsAJ4g,Citi Bike,False,453,2.5,NaN,5th Ave & 59th St,New York,NY,10019,40.764305,-73.97294
iUC2XBiGTxKD9OIgeZl9Sw,243 West End Owners,False,1,5.0,NaN,243 W End Ave,New York,NY,10023,40.77938,-73.985107
CF4zvixSOxHucoXreKjNmQ,E & M E-Bike,False,2,3.5,NaN,1018 Bergen St,Brooklyn,NY,11216,40.676089332541515,-73.95256068220897
KNiyMUuw_89zow8eGdHDSA,Two Friends Bike Repair,False,31,5.0,NaN,658A E 3rd St,Kensington,NY,11218,40.6361088,-73.9761397
0ajBWo7f3SojqUfUse7ppw,Kickstand,False,1,5.0,NaN,45 University Pl,New York,NY,10003,40.73228,-73.993873
y5Ij_gLTTCv7rnKn22O-6g,ScootersNYC,False,3,3.5,NaN,,Manhattan,NY,10001,40.750133,-73.997006
Tx4qutljwVRY2DqKrx2PAQ,I & M # 2,False,14,5.0,NaN,733 Church Ave,Brooklyn,NY,11218,40.64595,-73.97218
26KW_gW5PK0mWyFjgJfY0g,EagleRider - Staten Island,False,1,5.0,NaN,1973 Forest Ave,Staten Island,NY,10303,40.62612,-74.15481
f7WoLtmoyUod1YrWOafQYw,Brooklyn Giro Bike Tours,False,2,5.0,NaN,220 South St,New York,NY,10002,40.70966,-73.99509
h9G8NmpDt4qqYVkfcIU_tQ,Unlimited Biking,False,8,3.0,NaN,38 Park Row,New York,NY,10038,40.7117466,-74.0063733
HL62Yj52PjiJVx1U2yzh3g,Peter Pen Tours,False,60,5.0,NaN,1411 6th Ave,New York,NY,10019,40.7648513,-73.9771338
JspJCqD20URubY9BI_e6nA,Fast Bike,False,6,5.0,$,8742 Britton Ave,New York,NY,11373,40.74794,-73.87838
giW0V31WrrkNGtSpMH4BqQ,Mr. C's Cycles,False,68,4.0,$$,4622 7th Ave,Brooklyn,NY,11220,40.6443643,-74.0042553
8p90-XDckbijqrQdeLntng,Trek Bicycle Forest Hills,False,13,4.5,NaN,107-18 70th Rd,Forest Hills,NY,11375,40.72094,-73.84521
t5XN86XO-NlQOICCv-_Azg,SoulCycle,False,65,3.5,NaN,350 Amsterdam Ave,New York,NY,10023,40.7817847772569,-73.9795693939307
3WHakJ70XbraJEewemgQJQ,Newark Bike Tour,False,1,5.0,NaN,Washington Pl,Newark,NJ,07102,40.74256,-74.1703091561794
HDS8dsIImsLNF9-X5pfZ7A,Terrific's Bikes & Videos,False,19,3.5,$$,1547 Broadway,Brooklyn,NY,11221,40.68639,-73.91611
HCseM52FdfEjoSidhHZKOQ,SoulCycle NoMad,False,29,4.5,NaN,12 W 27th St,New York,NY,10001,40.744503,-73.989372
hWh0DAT1io4E04dea_iGgA,SoulCycle Chelsea,False,15,5.0,NaN,98 10th Avenue,New York,NY,10011,40.743546,-74.006771
Msim4rBaF_6uM3OgD8gvnA,Monkey Bike Sales & Repair,False,3,4.5,NaN,102-24 Corona Ave,Corona,NY,11368,40.743984,-73.860855
HzMi-nJYhe45fJnrchHrWQ,New York Honda Yamaha,False,69,3.5,NaN,3602 38th St,Astoria,NY,11101,40.753964,-73.924514
Wz_c-o89T5ERIUXBqlN5Uw,Legend Bikes,False,17,3.0,$$,772 Riverside Ave,Lyndhurst,NJ,07071,40.805834,-74.134953
aWhe_u9omJW_t6DI6K6qAg,Cyc Fitness UES,False,31,4.5,NaN,1231 3rd Ave,New York,NY,10021,40.7690084559289,-73.9606748377027
b7nbJFMlUx5N2oFzOIcq1w,Trek Bicycle Cobble Hill,False,11,4.5,NaN,256 Court St,Brooklyn,NY,11231,40.685339,-73.994738
0nFT6uaISiBsZPGsqALo6g,SoulCycle 19th,False,40,4.0,NaN,8 W 19th Street,New York,NY,10011,40.7393186,-73.9918649
RAnRiAsWN1jIQaiP-AcgVQ,Larry's Cycle Shop,False,23,4.5,$$,1854 Flatbush Ave,Brooklyn,NY,11210,40.62447,-73.93908
Ugad3Cy80bW1VsRWQF1ecg,KCDC Skateshop,False,42,4.0,$$,80 N 3rd St,Brooklyn,NY,11249,40.7169801,-73.96267759999999
DjON-XXcdn_rxaHYPgJTng,Flywheel Sports - Lincoln Square,False,86,4.5,NaN,150 Amsterdam Ave,New York,NY,10023,40.7754129,-73.9843465
Wv44aaW2Z_BdN-ezG55Eiw,REI,False,252,4.0,$$,303 Lafayette St,New York,NY,10012,40.724813946668,-73.995204705279
_cZcc6eqUvqL2by6L1wBrQ,Greenpath Electric Bikes,False,25,4.5,$$,757 4th Ave,Brooklyn,NY,11232,40.6522487718232,-74.0100746933295
1Zy0rNmCDZ8SbwuVwcXAKw,SoulCycle E54,False,26,4.0,NaN,240 East 54th Street,New York,NY,10022,40.757446,-73.967468
JDoN3iRSQzrIbxT7R4GF1g,Harlem Cycle,False,85,5.0,NaN,2350 Adam Clayton Powell Blvd,New York,NY,10030,40.8171734,-73.9427542
EcONn1mPa-LbGSY8anl6Xw,Paragon Sports,False,677,3.5,$$$,867 Broadway,New York,NY,10003,40.737759621837,-73.9903309968226
axcAxQytY7jWPt_Jtizrsw,Nachos Bikes Shop,False,6,3.5,NaN,76-10 Broadway,Queens,NY,11373,40.7457348,-73.8888213
bzRrHOOnaepgAqoyOtzQrg,Mannys Bicycle Shop,False,22,3.0,$$,8 Bennett Ave,New York,NY,10033,40.8508308,-73.9366673
ynMj8Fh_vq7o40PxctOHHg,Harley Davidson of NYC,False,34,3.5,$$,374-378 Broadway,New York,NY,10013,40.718136,-74.003223
V6T8aq4Z09aEVtWQV8Q8rQ,Flywheel Sports NoMad,False,18,4.0,NaN,420 Park Ave S,New York,NY,10016,40.74391,-73.9839
jpGF0dO5Kuj9OiOq-tkhAw,Crank Indoor Cycling Studio,False,48,4.5,NaN,4630 Center Blvd,Long Island City,NY,11109,40.7463145191286,-73.9568271072008
TdS19y7v0E0A16k7DGVpYA,Unlimited Biking,False,87,3.5,NaN,56 W 56th St,New York,NY,10019,40.763389,-73.9771668
ZktvFCPOMrSZnk-fYL8DSQ,MotorGrrl,False,38,3.5,NaN,42 Dobbin St,Greenpoint,NY,11222,40.7238655,-73.9536667
Ed9ipI--2Tzn-_E82JQh8g,Pedro Sanchez Cycling,False,11,5.0,NaN,52 Drake Ave,New Rochelle,NY,10805,40.90159,-73.788
hN8W5P1VRfIVT0sdUkYqRg,Flywheel Sports NoHo,False,38,4.5,NaN,51 Astor Pl,New York,NY,10003,40.729851009001,-73.9903806267337
s6Yz1-Pxf2bQxDs3V84vdw,Bushwick Cycles,False,3,3.5,NaN,6103 Fresh Pond Rd,Queens,NY,11379,40.714546,-73.90101
nGMPERR3D9y_vHvhHw70eQ,Aegir Boardworks,False,37,4.0,$$,99 Water St,Brooklyn,NY,11201,40.7032821708946,-73.9903878995656
V-wNwa6aXYTErvELfQDZCg,Cycle Haus - Mobile Bike Shop,False,10,5.0,NaN,,New York,NY,11701,40.69984,-73.42031
4UI9M50FKURLDLaWzxxPFw,Nachos Bikes Shop,False,2,4.5,$$,,Brooklyn,NY,11220,40.6384213788961,-74.0169896057681
4q8Fe4_kHc1qGaa6Ek6mVg,Central Park Bicycles NYC,False,1,4.0,NaN,117 W 58 St,New York,NY,10019,40.765452,-73.977363
1ZdrhkbgJIvbGplxfeoHZw,NYC Minute Man Motorcycle Tow,False,5,4.0,NaN,13ST Queens Plz,New York,NY,11101,40.7456130981445,-73.9360198974609
q3JYaf9jmDMqsYJExjlwOw,Brooklyn Mayd Powersports,False,58,3.5,NaN,857 Broadway,Bushwick,NY,11206,40.69887,-73.93809
YeuszNhXv2QAlFud3-T_3A,Jalapeno Cycling,False,14,5.0,$$,57 Washington St,Bloomfield,NJ,07003,40.79356,-74.19849
GhFDsXj5QWnSTTrbBrKfHQ,Unlimited Biking,False,6,2.5,NaN,111 W 110th St,New York,NY,10026,40.798756,-73.952794
fseRIGsHga7DYa4sxjAPTw,Revolution Rickshaws,False,3,5.0,NaN,,New York,NY,10111,40.755322,-73.9932872
kmhnPL37s59AybhN1fO02g,Bike the Big Apple Tours,False,20,5.0,NaN,,New York,NY,10065,40.7645034790039,-73.9629745483398
9CoxYbCINLaeKRZupXixUg,Indian Larry Motorcycles,False,7,4.5,NaN,70 N 15th St,Brooklyn,NY,11222,40.7237026,-73.9553035
ej39jp2a2nl5YOTm_YxAEw,AARMY,False,1,5.0,NaN,636 Broadway,New York,NY,10012,40.726132,-73.995568
eLyksJO-75kSPpoaH_D9nw,CIGI Bicycle Shop,False,33,2.5,$$$,9107 37th Ave,New York,NY,11372,40.750865,-73.875625
lD3J5L6H7KFaHwk6X7V42A,SoulCycle NoHo,False,75,4.5,NaN,384 Lafayette Street,New York,NY,10003,40.72775,-73.99346
Bt01J3yVh-DE1cLAu2DYmw,Triborough Motorcycles,False,47,3.0,NaN,366 McGuinness Blvd,Brooklyn,NY,11222,40.735188,-73.952084
8B6Pl6AbbkO18eykRuC7rg,Circle Cycle,False,21,4.5,NaN,570 S Broad Ave,Ridgefield,NJ,07657,40.8329829481112,-74.0097727130017
IkEww4L3aRbbqe20pJ2uQw,Piaggio USA,False,4,1.0,NaN,215 Park Ave S,New York,NY,10010,40.7385752,-73.9871529
r13sHaNbHEEVSpkEx-y_Eg,Brooklyn Moto,False,31,4.5,$$,76 Bayard St,Brooklyn,NY,11222,40.7190187282371,-73.9490592946746
Hx9NKuD69CVtpnzHC15UPg,Bike Rescue,False,5,5.0,NaN,,Ozone Park,NY,11416,40.68532,-73.8514
TXh9sg8gtg3cgcmTFrUkHw,SoulCycle Williamsburg,False,53,4.5,NaN,196 Kent Ave,Brooklyn,NY,11249,40.717965,-73.9642095
YKZX7weq3VTTTGcK8Gn3PA,Bike Tours Central Park,False,2,4.0,NaN,58 Street and Broadway,New York City,NY,10019,40.7671,-73.98172
lv8l_FPiV0G8m8RIbFScGA,Bike Life,False,43,2.0,$,56 Lincoln Rd,Brooklyn,NY,11225,40.66073,-73.96109
E0BaJpzVk_tgbflsEO1J5g,Vespa Manhattan,False,12,4.0,NaN,6 Grand St,New York,NY,10013,40.7232149,-74.0059825
ILCEjJd2Om55LaSG2jCizQ,SoulCycle West Village,False,42,4.0,NaN,126 Leroy Street,New York,NY,10014,40.730305,-74.0081273
WANu9CzlOhsvCuNyCjxkMw,Speed Motorcycle Repair,False,28,4.5,NaN,517 E132 St,West Bronx,NY,10454,40.8035233078472,-73.9214758275293
xRxpS6CBKaFNkMSW6JneVQ,Flywheel Sports Chelsea,False,50,4.0,NaN,245 W 17th St,New York,NY,10011,40.7414122,-73.9997072
N0dJuCujxHLWoAQqw3uiOg,Flywheel Sports Tribeca,False,61,4.5,NaN,415 Greenwich St,New York,NY,10013,40.721764,-74.009486
LDFoJoC-NFIWB3-AKe9W1w,Newark Community Cycling Center,False,2,5.0,NaN,2-4 Park Pl,Newark,NJ,07102,40.74072,-74.16842
6yYk-JopVGSIIfT8yzVG9w,Central Park Sightseeing,False,215,3.5,NaN,56 W 56th St,New York,NY,10019,40.763252,-73.976994
MYGdtQpX5kWrSr6FeEuwvg,Ducati New York,False,72,3.5,$$$,155 Ave Of The Americas,New York,NY,10013,40.725395,-74.0048036
D9QucAzB4z3xygeNqEAF1g,Charlie's Chop Shop,False,19,5.0,NaN,18-56 42nd St,Astoria,NY,11105,40.7779585728464,-73.897490885234
AoWxZt1sFR_CgYTATte-Kg,Bike Rent NYC - Central Park South,False,8,3.5,NaN,Central Park Driveway And West 59th Street Nyc,New York,NY,10019,40.768657,-73.98126
XGsOY4BmBhyqiwll7xTZJw,Blazing Saddles Bike Rentals & Tours,False,8,3.5,NaN,698 Division Rd,Brooklyn,NY,11231,40.6801699,-74.00034
aqcQt1VzvziVQjaQyFy3Uw,SWERVE Fitness,False,10,5.0,NaN,1140 3rd Ave,New York,NY,10065,40.7664192,-73.9632037
cD4rAwhaZbeufSL8Xs3UIg,Arnolds Bicycles & Trains,False,11,4.5,$,4220 8th Ave,Brooklyn,NY,11232,40.64535,-73.99969
nbDSFILklgmE5NfQjTGZlg,Brooklyn Giro Bike Tours - Brooklyn,False,7,4.5,NaN,160 John St,Brooklyn,NY,11201,40.704059,-73.981736
ZBRz5FJMG7-G4wGW2UpHyQ,Deluxe Cycles,False,1,5.0,NaN,16 Waverly Ave,Brooklyn,NY,11205,40.697243,-73.968934
TQNb-PsWxFAPfa7U6u2K1g,Bronx Cycles,False,3,3.5,NaN,112 E 157th St,Concourse,NY,10451,40.8254921,-73.9265263
id4e3sHRDyWZtvbgz4ZbKg,Ferrara Cycle Shop,False,11,2.5,$$,6304 20th Ave,Brooklyn,NY,11204,40.61763,-73.98491
RPM7VDmeZy2-MA1H4nsM3g,BYKlyn Cycle,False,219,4.5,NaN,258 Flatbush Ave,Brooklyn,NY,11217,40.679349,-73.974296
TxNU1uKeOH3F1GiJn-UDlA,Borderline Bikes,False,7,5.0,NaN,,Belleville,NJ,07109,40.7908363342285,-74.1546173095703
JoTrb0-eihiRgds7VqMj-Q,Rushcycling,False,5,5.0,NaN,189 Brunswick St,Jersey City,NJ,07302,40.7263489,-74.0505295
wpsIXi6dwvshdHiAJfMq0w,Grand Juvenile,False,2,4.5,$,2406 Grand Concourse,Bronx,NY,10458,40.860083,-73.897963
qusgE-6INmbeNu7ZfMAglQ,Midtown Bicycle Shop,False,1,1.0,NaN,56 W 56th St,New York,NY,10019,40.7631416,-73.9770813
-ApLgGYiXxX26HUy155a-w,Worksman Cycles,False,28,3.0,$$$$,94-15 100th St,Ozone Park,NY,11416,40.6887,-73.84304
-iMnsKqFwqxTxaC1hWs6CA,MonkeyMoto,False,7,5.0,NaN,122 Jackson St,New York,NY,11211,40.7163083,-73.9466488
CXM-ta9Dc9Tsz-TrcB4IaQ,Sanba Bicycle Shop,False,10,4.5,NaN,884 5th Ave,Brooklyn,NY,11232,40.65154,-74.00383
N-3ye0VRmqWeazFctfHGpg,Wheel Fun Rentals - Marine Park,False,5,5.0,NaN,Ave U & E 33rd St,Brooklyn,NY,11229,40.60424199233,-73.9317382174744
Fs3ZroWxDCRaZgox1842vQ,Vespa Brooklyn,False,107,4.0,$$,215 Park Ave,Brooklyn,NY,11205,40.6961835,-73.9701819
wGfTJ0Naq8C9w-8qbmOGiA,Bikeland,False,4,5.0,$$,461 Bloomfield Ave,Caldwell,NJ,07006,40.84306,-74.28104
-4dzCnca9uIUv6i-lIKsgQ,Hudson Bike Share,False,8,1.5,NaN,315 W 36th St,New York,NY,10018,40.7540664672852,-73.9933471679688
p57puBj7F6dBUzlutf9_EA,Central Park Wheels,False,3,1.5,NaN,1409 6th Ave,New York,NY,10019,40.764787,-73.977262
RkJ4G_PSWBqQcOk_UfI2qw,Danny's Cycles - Pelham Manor,False,6,5.0,$$,101 Secor Ln,Pelham Manor,NY,10803,40.89548,-73.81762
asC2-gWWOeLTmorx2undhw,Foreign Fix Backyard Bike Repair Shop,False,2,4.0,NaN,853 Troy Ave,Brooklyn,NY,11203,40.652274,-73.936138
ED9wXqegodufCHYeqWcKdw,New York City Harley-Davidson,False,42,3.0,NaN,42-11 Northern Blvd,Long Island City,NY,11101,40.7533648,-73.9207415
tBZYUYTY18d1IvHvjgA3fA,Flywheel Sports Upper East Side,False,60,4.0,NaN,201 E 67th St,New York,NY,10065,40.76646,-73.96242
2dzPqExgfhEwvU0o1WMmPg,Glorified Bicycles,False,1,5.0,NaN,473 C President St,Brooklyn,NY,11215,40.6783,-73.98711
fr0deZNjg24vPKMsq20vHg,Cycle Therapy NYC Inc,False,69,3.0,NaN,230 E 127th St,New York,NY,10035,40.8042488098145,-73.9336853027344
bbj6gdtb_mlU6eFxYtwL-w,Bay Parkway Bicycle,False,15,2.5,NaN,2315 65th St,Brooklyn,NY,11204,40.61243,-73.97853
gc6RPOOjtUNkte_4Dg23FQ,Bike Rent NYC - Brooklyn Bridge Bike Rent,False,12,2.0,NaN,145 Nassau St,New York,NY,10038,40.71143,-74.00633
FtJDkJjOh31w0N4Xc4v3Yw,Kingsriders Motor Sport,False,1,5.0,NaN,2783 Atlantic Ave,Brooklyn,NY,11207,40.67656,-73.8915899
C0KrQVPgkG6NVdR9daATmA,NY Tours Central Park,False,2,5.0,NaN,1 Central Park W,New York,NY,10023,40.76911667,-73.98157333
si-qCK04qYBa59xDcn2ZNA,SoulCycle E63,False,43,4.0,NaN,140 East 63rd Street,New York,NY,10065,40.7645366,-73.9660745
_-U3dBS7K-DaibE5SzYg8Q,Five Boro Bike Tour,False,23,3.5,NaN,475 Riverside Dr,New York,NY,10115,40.8106825104798,-73.9639981822205
9Sq71SRzlqezmNTJdHPSRw,Ventbike Tech,False,11,3.5,NaN,1685 Jerome Ave,Bronx,NY,10453,40.8465303,-73.9135246
e3jBQ5DzYFXOJXDsds0xTQ,Bronx River Bicycle Works,False,15,3.5,$$,27 Mount Vernon Ave,Mount Vernon,NY,10550,40.9112446,-73.8450572
M441HjUGFsA1r12VxkbVrw,Gotham Motorcycles,False,7,4.5,NaN,364 Bay St,Staten Island,NY,10301,40.63351,-74.07587
AzqZRBiJnXcRdVfdE90PsQ,Nyc Bicycle Shop,False,15,2.0,$$,1178 Bay St,Staten Island,NY,10305,40.6144217,-74.066638
ooUGk2_U_6lTUKxRWLQmQw,Central Park Tours & Bike Rentals,False,7,3.5,NaN,40W 55th St 1F,Central Park,NY,10019,40.762403,-73.977497
YhUUHRjim0BkPEt7V9OhwA,Jetson Bike,False,1,1.0,NaN,175 Varick St,Manhattan,NY,10013,40.7274437,-74.0056686
Xg5Gv2rQamtFHyPqrNKTQA,Central Park Pedicab Tours,False,16,5.0,NaN,Central Park,Central Park,NY,10023,40.766029,-73.9770582
3ewEf02KqheU89YQNqFZKQ,Mash Army and Navy Store,False,29,3.5,$$,721 8th Ave,New York,NY,10036,40.75943,-73.98842
6wna0I7uw0Wk_nK6K9me0A,M Tow,False,4,5.0,NaN,,Long Island City,NY,11101,40.759106,-73.941033
c_4sV6EuFmWvnyVXu4V1Fg,The Urban Cyclery Shop,False,19,4.0,$,337 Central Ave,East Orange,NJ,07018,40.75517,-74.21601
0NSEZiLzUiRyNS0Wmh1nPQ,Meadow Lake Boathouse,False,6,4.0,NaN,10-27 46th Ave,Long Island City,NY,11101,40.7342527,-73.8411712
k2rOURT4H4eZ8aZas6AgHg,CycleBar,False,41,4.5,NaN,720 Monroe St,Hoboken,NJ,07030,40.74695,-74.038009
adrST9z357KEjfVKUerPaQ,Velocita,False,11,4.5,NaN,97 Union St,Brooklyn,NY,11231,40.68486,-74.0038299
O-z-u6IMsoiy2m4UgH5KmA,SoulCycle W92,False,17,4.0,NaN,2465 Broadway,New York,NY,10025,40.79189,-73.97414
4GuqZvy_CqEGmBVrt9MogA,L&D cycles,False,1,5.0,NaN,7310 13th Ave,Brooklyn,NY,11228,40.62131,-74.00659
ik09Zx2BL48ZqW0G7rl_cg,Triumph Brooklyn,False,12,3.0,NaN,105 Metropolitan Ave,Brooklyn,NY,11249,40.716756,-73.963124
-MMehHGh-qcoXa4EFghbmA,Brooklyn Motor Works,False,38,3.5,NaN,185 Van Dyke St,Brooklyn,NY,11231,40.678083,-74.018887
B5sNPaIb1wn9GZhuu85hmQ,The Bike Shop,False,13,3.0,NaN,770 Van Houten Ave,Clifton,NJ,07013,40.86107,-74.15288
h5Fm50TrETTo3UgBgfLtGg,Sky Rink at Chelsea Piers,False,54,3.5,$$,61 Chelsea Piers,New York,NY,10011,40.7479275298017,-74.008771777153
aeU1Ywu6GJR5F2_FxwimsA,Revel Transit,False,33,3.0,NaN,,Brooklyn,NY,11237,40.70332,-73.92196
agiQHQvFbZdfw-RjIcVLGg,Jane Motorcycles,False,35,4.5,$$,396 Wythe Ave,Williamsburg,NY,11249,40.7125511169434,-73.9662017822266
tIh8O9j7t2QnmAZcJfpFOQ,Action Cycle Performance Center,False,11,4.0,NaN,44 Grove St,Spring Valley,NY,10977,41.1142651,-74.0467088
c5CHR28y3isTzmkdUC9GbA,Biria USA,False,1,1.0,NaN,255 Highland Cross,Rutherford,NJ,07070,40.8200999,-74.09792
It79qhHFHbxomVJRrrV32g,Spokes & Strings,False,15,2.5,NaN,140 Havemeyer St,Brooklyn,NY,11211,40.71201,-73.95743
O9_nLuCvSSLxtHUZWQis2A,FlyKly Electric Bicycles,False,9,1.5,$$$$,447 Broadway,Prince,NY,10012,40.7201685331064,-74.0009450912476
hYcBcU5g1kUZMmWNfuWe0A,Broadway Pro Scooters,False,2,5.0,NaN,386 Broadway,Brooklyn,NY,11211,40.7072,-73.95474
cceK_Gy0M5go8iOg7u4LDg,SoulCycle SoHo,False,50,4.0,NaN,45 Crosby St,New York,NY,10012,40.7218506,-73.9986616
TWBencIMjIb8Q6Wy6ykU6A,Mexico Sports Center & Bicycle Repair,False,2,5.0,$,608 Crescent Ave,Bronx,NY,10458,40.8533996476447,-73.8885705606366
oKlrcvEAKKiBwxKQ-RhynA,Danny's Cycles,False,7,4.0,NaN,109 Wolfs Ln,Pelham,NY,10803,40.90963,-73.81096
7lsUYYLBzpc_mKiOWLtriQ,Vax Moto,False,29,4.5,NaN,219 9th St,Brooklyn,NY,11215,40.671106780463475,-73.98945273248592
qb-mKsrN_fugaSecMO5xsQ,P & H Bicycle Store,False,2,1.0,NaN,1819 Coney Island Ave,Brooklyn,NY,11230,40.61309,-73.96277
rqeffXz20Cbk5pPgewMklA,On The Spot Moto,False,15,4.5,NaN,4116 35th Ave,Long Island City,NY,11101,40.7545071472232,-73.9208244428528
mzOiZocTZozq18VLRZigxw,Crescent Bike,False,2,1.0,NaN,320 57th St,New York,NY,10019,40.76719,-73.98454
n14_I4UlrHduTDG0ijjeOg,SoulCycle Park Slope,False,6,4.0,NaN,342 Flatbush Ave,Brooklyn,NY,11238,40.675997,-73.97213
k8t7JERBr4lyb5uCV6Jm0A,CycleBar,False,41,5.0,NaN,65 Bay St,Jersey City,NJ,07302,40.71979,-74.03619
hz8sNtX8TKonBeITXb4uCg,Zoom Scooter,False,13,4.5,NaN,6318 Flushing Ave,Maspeth,NY,11378,40.722263,-73.901634
mDiiOVv1PW14GbT0XC8y1w,The Bikeworks,False,9,3.0,$$,383 Rochelle Ave,Rochelle Park,NJ,07662,40.90827,-74.074904
rOEqjf72BuCf2u8CfBXAag,Mnc Electric Bike,False,2,1.0,NaN,287 Broome St,New York,NY,10002,40.71847,-73.99163
RAwPqVJxDWlsWwugOFe5sQ,Scooter Bottega,False,45,4.5,NaN,65 Union St,Brooklyn,NY,11231,40.6850499,-74.00493
Uh0dtHSe1IG30iTnq3HGCg,New York Running Company by JackRabbit,False,130,4.0,$$,10 Columbus Cir,New York,NY,10019,40.768647,-73.982753
EQON3kHHfu3k3KeSeo2UQQ,Cycle Depot,False,2,3.0,NaN,705 Bruckner Blvd,Bronx,NY,10455,40.8135292,-73.8984234
XegTjSgRfstYWX95GZ4KnQ,Andrew Trucker Motorcycle Towing,False,12,3.5,NaN,13 St,Queens Plaza,NY,11101,40.7524419845538,-73.9452854041045
6wf211joFm7DmhoMV9pp_Q,Bolt Bike Shop Amsterdam,False,1,1.0,NaN,1774 Ave Amsterdam,New York,NY,10031,40.8271,-73.94647
1QmFFR1KA1MDPXslJaHuFA,Union Garage NYC,False,47,4.5,$$,101 Union St,Brooklyn,NY,11231,40.6848259,-74.0037201
9ekqVJ3A0hHAGtqUTQkG1g,Harley-Davidson of Staten Island,False,23,4.0,NaN,1973 Forest Ave,Staten Island,NY,10303,40.6262057,-74.1549618
825BQ3BrgmPLe-VyBKoymQ,Master Cycle,False,2,2.5,NaN,3 Bruckner Blvd,Bronx,NY,10454,40.808326,-73.930285
cjl6xtPbGKO7uVBF2CELRg,Moto Borgotaro,False,4,5.0,NaN,97 Union St,New York,NY,11231,40.68486,-74.0038299
BRM7tqDyHgsQHn49vGNXAQ,SoulCycle Brooklyn Heights,False,43,4.5,NaN,55 Court St,Brooklyn,NY,11201,40.6921986,-73.991131
ZoHf4pNhXz9bTB3dBSKi9Q,New York Pedicab Services,False,14,4.0,NaN,5 Columbus Cir,Manhattan,NY,10019,40.7667748,-73.9814628
OeKDDRVVu4f-jp3Ktokwlw,NYC Electric Scooters,False,9,4.5,NaN,32 Euclid Ave,New York,NY,11208,40.687791,-73.875652
xFZ87JLExpZKghSV2l6GdQ,Brooklyn Bridge Sightseeing,False,23,3.5,NaN,38 Park Row,New York,NY,10038,40.7115866,-74.0066803
aGlSkizpbMktQcpLs0oAPA,La Familia Variety,False,3,3.5,NaN,2174 Tiebout Ave,Bronx,NY,10457,40.85445,-73.89832
FFrIYK-ufuuy7dzjDutjcQ,HG Motor,False,8,3.5,NaN,40 Remsen Ave,Brooklyn,NY,11212,40.662253,-73.930938
hZQVMdgrQ4lSp5b1ddQNpQ,velofix,False,2,3.0,NaN,,New York,NY,11249,40.71455,-74.00714
DjmNPCFFhMBkDdCFEbfBBg,Pote's Custom Cycles,False,1,5.0,NaN,17 Thames St,Brooklyn,NY,11206,40.705012,-73.932399
C61MbgZmEKRKou3Qw2dyNQ,Cycle Central Park,False,5,2.5,NaN,54 W 56th St,New York,NY,10019,40.7631447,-73.977083
LKIhi9rR7uTuw2ZCA5HluQ,SoulCycle E83,False,78,4.0,NaN,1470 3rd Avenue,New York,NY,10028,40.7770983793931,-73.9555442445419
7qHIaotRL0DZgHSlu_X4Cw,SYNCStudio BKLYN,False,56,4.5,NaN,133 S 2nd St,New York,NY,11249,40.7132695,-73.9620399
mvHrSispzjT7jn0D2Fqo4Q,CityScootz,False,1,1.0,NaN,,New York,NY,10023,40.77611,-73.98158
uN3hzdzCCDzn700rSCrVfQ,Jpr Cycles,False,7,2.5,NaN,150 Park Ave,Lyndhurst,NJ,07071,40.8183517456055,-74.1265640258789
b0UFun91KMjKqUihcHiXlA,TLT NYC Motorcycle & Scooter Towing,False,22,4.5,NaN,155 Water St,Brooklyn,NY,11201,40.7033094,-73.9878238
GnvoKwKHaJHdfE-AUM-3-w,Bicycle Tour of Newark,False,1,5.0,NaN,Newark City Hall,Newark,NJ,07102,40.7319364289121,-74.1741674461257
Twcnp3__Z31Oearj5OkopA,John's Cycle Center,False,12,5.0,NaN,6908 49th Ave,Woodside,NY,11377,40.73748,-73.89547
cNGtORZbo9KgPV7xUy1PCA,Fleet Feet,False,57,4.5,$$,604 Washington St,Hoboken,NJ,07030,40.74372,-74.02927
8a6aYq0oXeyegeWZDDjFPw,Skate Brooklyn,False,24,4.5,$$,78 St Marks Pl,Brooklyn,NY,11217,40.6816,-73.9797
URCQNH-OA6RDlsrSoI0MpA,Hudson Bikes,False,2,1.0,NaN,2147 Hudson Ter,Fort Lee,NJ,07024,40.855091,-73.963374
R1-aQ2usdQAXv-u27acPtg,Cycle City,False,3,2.5,NaN,1156 St Johns Pl,Brooklyn,NY,11213,40.670811,-73.940106
swW6L6q1ti9Q8QuEInSECw,Jack of all Trades NY,False,1,5.0,NaN,3905 13th Ave,Brooklyn,NY,11218,40.6404050393,-73.986331746
q2nrUhirMWJjWSwi2ev9vw,Motorcycle Mall,False,181,2.5,NaN,655 Washington Ave,Belleville,NJ,07109,40.8025837,-74.1466966
aqqca5gK-UgjKDARAxLZnw,Motorcycle Works,False,50,4.0,$$,166 21st St,Brooklyn,NY,11232,40.6628036499023,-73.9962921142578
b0zP9B0SrzQb35-ivUKvxg,Kaotic Moto Sports,False,7,2.5,NaN,1934 Pitkin Ave,Brooklyn,NY,11207,40.670928,-73.9011768
WQF0dwe_x0bQ43_0ZossQA,Johnnycycle Motorcycle Recovery,False,2,5.0,NaN,18 Ropes Pl,Newark,NJ,07107,40.7792549133301,-74.1757431030273
ipMHIzU2jVYx82BzbN_pVQ,Beast Cars NJ,False,1,5.0,NaN,129 Monroe St,Garfield,NJ,07026,40.870561,-74.105514
FjDVuxMRQiAC42JTqmo_pA,Wheel Fun Rentals - Prospect Park,False,1,1.0,NaN,171 East Dr,Brooklyn,NY,11225,40.6579435099319,-73.9642603606438
qrJdQBNHoa_75YtN4ycZHQ,D & M Cycle Specialties,False,3,4.5,NaN,6923 Queens Blvd,Woodside,NY,11377,40.7405047,-73.8954458
tuScVVCpNF4ddXrc5LjdDA,Golconda Playground,False,1,5.0,NaN,225 gold st,Brooklyn,NY,11201,40.6977794347933,-73.9827194809914
PbdqIxrwWhINb9NxTMjWNQ,D & M Cycle Specialties,False,3,2.5,NaN,6923 Queens Blvd,Flushing,NY,11377,40.7405047,-73.8954458
PjCppEwjZNVLGwvvapnoOg,Velosolutions Pumptrack Brooklyn,False,8,2.5,NaN,318 Kent Ave,Brooklyn,NY,11249,40.713844,-73.967731
cye3wgRE5h9BqivOcibEOw,Long Island Bicycle Tours,False,3,5.0,NaN,,Long Island,NY,11747,40.7729682922363,-73.4241180419922
w-7LLnsw0FlmKs8xGSQVHQ,Urban Cycle Outfitters,False,3,5.0,NaN,,Dumont,NJ,07628,40.94241,-73.99656
5jB2BMSQ7za8lV63lsFPEw,Big SNOW American Dream,False,60,4.0,$$,1 American Dream Way,East Rutherford,NJ,07073,40.808877,-74.070939
4zKOjMFjo6S2mXTpdTa-Vw,SoulCycle Hoboken,False,16,3.5,NaN,1400 Washington Street,Hoboken,NJ,07030,40.7534147238782,-74.0261999353499
v-FC-hgKr0EqTdc4YNmVdQ,ILiV Cycling,False,2,5.0,NaN,453 W 238th St,New York,NY,10463,40.88741,-73.9051
3_ivQCKkpH3NMymrO1ux0Q,Bergen County Harley-Davidson,False,54,4.0,NaN,124 Essex St,Rochelle Park,NJ,07662,40.89258,-74.07335
KiIu_KOXCx9E5-vZzn8vUg,Bay Cycle,False,15,4.5,NaN,15 Ave E,Bayonne,NJ,07002,40.65473,-74.12488
cdKURFG0gnTD3oaWQa4N0Q,Rolling Orange Bikes,False,25,3.5,NaN,269 Baltic St,Brooklyn,NY,11201,40.68574,-73.9938109
daN7JY5wQ6F_JYC3GRCXEA,Dream Fishing Tackle,False,18,3.5,NaN,673 Manhattan Ave,Brooklyn,NY,11222,40.724761,-73.951664
wEu-YMbp54xhGsdigvRc4g,Zoni Bros,False,33,4.0,NaN,361 56th St,Brooklyn,NY,11220,40.64352,-74.01652
8ycc2vpATCSehWSG759KJA,Walter Healey Motosports,False,2,1.0,NaN,13 Crosbly St,New York,NY,11457,40.72005,-74.00009
SdgqIv2edmfrzN_C7Olkcw,New Life of New York City,False,1,1.0,NaN,66 Clinton St,New York,NY,10002,40.71935,-73.98483
UbRLH-BjSHzz2idS0ngoXQ,E3 Supply Co,False,2,3.0,NaN,67 West St,Brooklyn,NY,11222,40.7285182,-73.9592832
EIzxrKisA_iFok6XWOW8YQ,Punch Pedal House,False,17,3.5,NaN,68 Washington St,Brooklyn,NY,11201,40.70228,-73.98976
RuCdpj5qHmju642Yue5Qug,CrysWillFitLife,False,4,5.0,NaN,Both Brooklyn & New York Locations,New York,NY,11207,40.7536280288137,-73.9906634374512
_ZDaDahj6Qbvj27_oDaLlA,Lululemon,False,10,4.5,NaN,10 Columbus Cir,New York,NY,10019,40.76847,-73.983092
jSnedP10DKArWmort4BFUw,Unicorn,False,3,2.5,NaN,4925 5th Ave,Brooklyn,NY,11220,40.64511,-74.010071
4FmhTUO_zTLmsLNJuU2r0A,Prospect Powersports,False,45,3.0,NaN,457 Coney Island Ave,Brooklyn,NY,11218,40.646811,-73.970639
ZCoJDe2IA3r293j0CjaUzA,Forest Park Skate Park,False,8,4.5,NaN,46 Woodhaven Blvd,Queens,NY,11385,40.7223236,-73.867
e4phgnva5EtoON_cdV_Lrg,AutoLogic Complete Car Care,False,8,4.0,NaN,1868 McDonald Ave,Brooklyn,NY,11223,40.607238,-73.973052
6JvnwaZCkwVe4pTX67b-ZA,Wheel Sport Center,False,12,4.0,$$,399 Huguenot St,New Rochelle,NY,10801,40.9061093,-73.7864165
aGnUBEfn_Jk-InFTy-qEQQ,Prime Cycle,False,72,4.5,NaN,70 Hudson St,Hoboken,NJ,07030,40.73618,-74.03045
V1aeamcJ-SNo-9A08LQ6tw,Bikelyn Biking in Brooklyn,False,1,5.0,NaN,561 Clinton St,Gowanus,NY,11231,40.676413,-74.000718
kxI9qdArmh6Eo6ByVVSlMQ,Brooklyn Mayd Powersports,False,3,3.5,NaN,857 Broadway Brooklyn Ny 11206,Brooklyn,NY,11206,40.698873,-73.938089
xhrLE-HH7XA5Ulo9Br4Yow,Club Moto NJ,False,1,1.0,NaN,397 7th St,Jersey City,NJ,07302,40.7266994,-74.0524566
8sxrAef1YbY9tzZD7bk-5g,J&L Motorcycle Service and Detail,False,53,3.5,NaN,3408 46th St,Long Island City,NY,11101,40.7543,-73.91649
es5JcjuKau715oQi4lx4eA,FW Speer Yamaha,False,6,4.5,NaN,7 Main Ave,Passaic,NJ,07055,40.840708,-74.134105
KVmX9aAWySQGgsW3KGJrgA,MetroRock - Brooklyn,False,39,4.5,NaN,321 Starr St,Brooklyn,NY,11237,40.708067,-73.920515
ZBAYA-WbSqHPbyuZZ83azA,Royal Shoe Repair,False,18,3.5,NaN,2242 Hylan Blvd,Staten Island,NY,10306,40.5758,-74.103965
YGPxpx5GbJjQipEbJdZXpw,HALO CYCLES,False,3,4.5,NaN,7909 Cooper Ave,Glendale,NY,11385,40.7081531,-73.872946
E5vcFWhTAPJogXil6fOt6g,JackRabbit Upper - West Side,False,78,4.0,$$$,140 W 72nd St,New York,NY,10023,40.77789,-73.98035
t0ZUBiq1X-vuWkZTUF3tWQ,Wheel Fun Rentals,False,4,4.5,NaN,Meadow Lake Rd W,Queens,NY,11368,40.7391161841965,-73.8413569201294
9WGjs-y8NJxQQS65t-9BeA,Peak Point,False,1,1.0,NaN,2370 Brooklyn Queens Expy W,Astoria,NY,11103,40.7664184570312,-73.9041366577148
Prf9ry8jKUQle1spvuSB1g,Rapid Performance,False,21,4.5,NaN,2373 48th St,Astoria,NY,11103,40.76577,-73.90433
_Ct5_zb9SLYV254KxIXgBw,Tootsie's Cycle,False,2,3.0,NaN,196 Van Winkle Ave,Garfield,NJ,07026,40.87407196868,-74.104339890182
VPQRvMRj4MXMpiWvwevGqA,Flywheel Sports Williamsburg,False,21,4.5,NaN,173 N 3rd St,Brooklyn,NY,11211,40.71524,-73.95942
8kOyvHueXFC_nInhQO4nDg,Electric Bike Shop,False,4,1.5,NaN,30-94 51st St,Woodside,NY,11377,40.7571833,-73.9079311
FsjfnZgkJiGOmKveAnwVIQ,Empire Harley-Davidson,False,26,4.0,$$,8 Industrial Ln,New Rochelle,NY,10805,40.8981857299805,-73.7920608520508
Ifz83E28J9IOvBuWGpGXDw,Dr Motor,False,4,1.0,NaN,972 Atlantic Ave,Brooklyn,NY,11238,40.68043,-73.96203
ZBdLZTTP0_fy9qwN_4M3ZQ,Kim's Motorcycle,False,5,2.5,NaN,855 McLean Ave,Yonkers,NY,10704,40.9054794,-73.8704295
zRHWzzNcROiRplAKuQsegQ,Flight Club,False,362,3.0,$$$,812 Broadway,New York,NY,10003,40.732646,-73.99089
FUo8rwn83hUjVS99XEGJ0A,Bay Harbor Motors,False,21,3.5,NaN,457 Bay St,Staten Island,NY,10304,40.6310494678134,-74.0762700270184
nXRqIp4_Waz_mCjzym1qbw,CycleBar,False,41,4.0,NaN,2012 Hudson St,Fort Lee,NJ,07024,40.851554,-73.968884
Try5-3rreGV2x_1ZQWerrQ,Canarsie Park,False,21,4.0,NaN,Seaview Ave And Remsen Ave,Brooklyn,NY,11236,40.63035,-73.89495
7Tpd-_j8-eMr1I9RCfuq7A,Superior Motorcycles,False,5,2.5,NaN,490 Bay St,Staten Island,NY,10304,40.63005,-74.07686
9YWUkhq9YjQXURGRUOlLhQ,5050 Skatepark,False,9,4.0,NaN,354 Front St,Staten Island,NY,10304,40.627991,-74.074638
D60fQtgpUl1IRpAdvI7tYg,Gunnel Oval,False,1,4.0,NaN,Camman Dr,Kearny,NJ,07032,40.76503079801,-74.1391968727112
OByVfWSCLevMPA3iKwMQbw,Hit Factory Brooklyn,False,16,5.0,NaN,7914 3rd Ave,Brooklyn,NY,11209,40.628189,-74.029441
YcyN0ahcIrA840sBiXZp2A,JackRabbit - Union Square,False,347,4.0,$$,42 W 14th St,New York,NY,10011,40.7367146,-73.9956053
5wy_NPsW_bQyNscHvZl3Kw,Flaghouse,False,4,3.0,NaN,601 US Hwy 46 W,Hasbrouck Heights,NJ,07604,40.869768,-74.060845
6rW5QQzcBTZbDxQAOaqjyQ,Iacona Custom Cycles,False,3,3.5,NaN,6717 14th Ave,Brooklyn,NY,11219,40.623,-74.00064
npCNIzABDVtK6xUTsmGpuw,New Roc Yamaha,False,3,2.5,NaN,399 Huguenot St,New Rochelle,NY,10801,40.9063987731934,-73.7864227294922
-IH0T1m9nMgnIsvWfWi7Dw,Berry Lane Park,False,7,4.0,NaN,1000 Garfield Ave,Jersey City,NJ,07304,40.7124670097276,-74.0697247977779
QoJkq15vmAbTurjBfcjHpw,Harbor Fitness,False,230,4.5,NaN,550 5th Ave,Brooklyn,NY,11215,40.66566,-73.98944
Y2xEpC8IcTbIobxHNZqqCw,Pit Stop Motorsport,False,2,1.0,NaN,307 Mahattan Ave,Jersey City,NJ,07307,40.7470365,-74.0625876
lIG8h6gTkVT3scVZZvB4Cg,DICK'S Sporting Goods,False,37,2.5,$$,73-25 Woodhaven Blvd,Glendale,NY,11385,40.71014,-73.858315
Psft3AnOqtSPsf_oJuhY7g,Blazing Saddles Bike Rentals & Tours,False,8,5.0,NaN,557 12th Ave,New York,NY,10036,40.7629032631019,-73.9997333831243
xrNY4rs-AID69wx3O53NuA,NHL Concept Store,False,88,3.0,$$$,1185 Ave Of The Americas,New York,NY,10036,40.75809313575046,-73.98209224932471
BjXeOys0m0yW6nDcTwK3fQ,JackRabbit - Brooklyn,False,162,4.0,$$,151 7th Ave,Brooklyn,NY,11215,40.6724815368652,-73.9765853881836
zT0k-sWdiufePEYth7PP7A,Estates Supervision,False,1,3.0,NaN,845 3rd Ave,New York,NY,10022,40.756618,-73.969764
_DNS4qAbABFxmu43U9ot9Q,Parc Vendome Condominium,False,1,1.0,NaN,340 W 57th St Ofc,New York,NY,10019,40.767173,-73.985076
pn1ixQjOJBaX8dwf4ZpJ2w,Cycle Gear,False,11,4.0,$$,65 State Rt 17,Hasbrouck Heights,NJ,07604,40.851933,-74.07436
XdF0uG20gQvbXWTl0ClqtA,Crossbay Motorsport Of Howard Beach,False,3,2.5,NaN,164-01 Cross Bay Blvd,Queens,NY,11414,40.6506637255765,-73.8373414566899
GdBg6-KoYS56y6QuYWpulw,The North Face Broadway,False,47,3.0,$$$,2101 Broadway,New York,NY,10023,40.779831,-73.9820115
GaS2YwgDgAumeHTH4LvFCw,Champion Parking On West 56,False,1,1.0,NaN,65 W 56th St,New York,NY,10019,40.76359,-73.9773
OnP7Oj26mp3KQXfjRhxhbg,Club Metro USA,False,139,4.0,NaN,525 Washington Blvd,Jersey City,NJ,07310,40.72693,-74.03559
pcJi9bQfOA7LpX5AbCGJbg,Shelby's Powersports,False,26,2.0,NaN,1444 Commerce Ave,Bronx,NY,10461,40.83929,-73.84223
cNaGBdGXqR8hkot6bYPd9w,Cross Bay Honda,False,35,3.0,NaN,16401 Crossbay Blvd,Howard Beach,NY,11414,40.65069,-73.837344
xGVHog4acGpUWr1hx0xM5g,Super Runners Shop,False,54,4.0,$$,360 Amsterdam Ave,New York,NY,10024,40.78215,-73.97944
HoHZXRDvBzWKJq3DkoGGQA,Staten Island Kawasaki,False,2,1.0,NaN,457 Bay St,Staten Island,NY,10304,40.631,-74.07638
M63gQudn1OX5YqKLTEz28g,Bavaro Carting Corporation,False,2,3.0,NaN,120 Hausman St,Brooklyn,NY,11222,40.727703,-73.938842
Udr0oOSzltmLn5yYVWqE1A,Brooklyn Running Company,False,84,5.0,$$,222 Grand St,Brooklyn,NY,11211,40.7136345,-73.9595795
FHhKLr-A9FSV1zhMIps2NA,Hatchet Outdoor Supply Co,False,21,4.0,$$$,77 Atlantic Ave,Brooklyn,NY,11201,40.6913,-73.99759
ET8C59ZXfmAt2zfGlbVHug,Motorcycle Center,False,3,5.0,NaN,46 2nd St,New Rochelle,NY,10801,40.9071401506662,-73.7936901301146
wwBnFetC_BSOg0uKVkaJsQ,Sugar House Condo,False,1,1.0,NaN,174 Washington St,Jersey City,NJ,07302,40.71295,-74.03798
xvytcl8CdFE1RmaH5kOGpg,Stnicholas Parking Management,False,11,1.5,NaN,673 Saint Nicholas Ave,New York,NY,10030,40.82318,-73.94554
g6jz88lChkMvgYgENJOtdg,Foot Locker,False,9,3.0,$$$,408 Fulton Street,Brooklyn,NY,11201,40.6909076,-73.9863126
_BHbCczlTjJEkjVTlnPoHA,Celeste Deli Restaurant,False,1,2.0,NaN,424 3rd Ave,Brooklyn,NY,11215,40.672939,-73.990081
FT4FwJKpCWqyBC_ex4C4Jw,Manhattan Beer Distributers,False,1,1.0,NaN,907 E 141st St,Bronx,NY,10454,40.8043365478516,-73.9056701660156
NyUy3QWcJzQCz4dUkkaq7A,Ken Ben Industries,False,9,1.0,NaN,364 Maspeth Ave,Brooklyn,NY,11211,40.71815,-73.92852
QjtoL6GwURYUlRA2Ai03UQ,Edge of the Woods Outfitters,False,69,4.5,$$,110 Main St,Delaware Water Gap,PA,18327,40.9849931,-75.144525
gW8_kJ0zHBxxokan0AfavQ,Velotooler,False,4,4.0,$$,,New Haven,CT,06517,41.3469288,-72.9047136
-t-ViGUKqFMoqUBv3gSQjw,Jim Thorpe River Adventures,False,40,4.0,NaN,123 Lehigh Dr,Lehighton,PA,18235,40.8327182,-75.7066695
DuPaeKtjyGYLZkHzgJXEiA,East End Bike Tours,False,39,4.5,NaN,13200 Main Rd,Mattituck,NY,11952,40.99165,-72.53268
jmTAEGD04b_oLlHjsoswxQ,Surf Buggy Bike Shop - Surf City,False,10,5.0,$$,1414 N Long Beach Blvd,Surf City,NJ,08008,39.663666,-74.164181
